SELECT 'ФИО: Мацыкина А.С.';

CREATE USER kinopoisk WITH PASSWORD 'kinopoisk';
-- создать роль

CREATE DATABASE kinopoisk;
-- создать бд

GRANT ALL PRIVILEGES ON DATABASE kinopoisk TO kinopoisk;
-- дать привелегии

\c kinopoisk;
-- подключиться к бд

CREATE SCHEMA IF NOT EXISTS kinopoisk;
-- создать схему

CREATE TABLE
films
( title text,
id integer PRIMARY KEY,
country text,
box_office integer,
release_date date
);
-- создать таблу фильмы

\d films
-- посмотреть параметры созданной таблы
                  
CREATE TABLE
persons
( id integer PRIMARY KEY,
fio text
);
-- создать таблу с актерами

\d persons
-- посмотреть параметры заданной таблы
              
CREATE TABLE
persons2content
( person_id integer,
film_id integer,
person_type text,
FOREIGN KEY (person_id) REFERENCES persons (id),
FOREIGN KEY (film_id) REFERENCES films (id)
);
-- создать таблу люди и контент 

\d persons2content
-- посмотреть параметры заданной таблы
             
INSERT INTO films VALUES ('Тор: Рагнарек', 822709, 'США', 853977126, '2017-10-10');
-- добавить первую строчку в фильмы

SELECT * FROM films;
-- посмотреть добавилось ли
     
INSERT INTO films VALUES ('Малефисента', 496849, 'США', 758410378, '2014-05-28'), ('Маска', 6039, 'США', 351583407, '1994-07-28'), ('Оно', 453397, 'США, Канада ', 700381748, '2017-09-05'), ('Гарри Поттер и философский камень', 689, 'Великобритания, США', 974755371, '2001-11-4');
-- добавить остальные строки в фильмы

INSERT INTO persons VALUES (1, 'Тайка Вайтити'), (2, 'Эрик Пирсон'), (3, 'Крэйг Кайл'), (4, 'Кристофер Йост'), (5, 'Виктория Алонсо'), (6, 'Брайан Чапек'), (7, 'Луис Д’Эспозито'), (8, 'Хавьер Агирресаробе'), (9, 'Марк Мазерсбо'), (10, 'Дэн Хенна'), (11, 'Зене Бэйке'), (12, 'Джоэль Негрон'), (13, 'Крис Хемсворт'), (14, 'Том Хиддлстон'), (15, 'Кейт Бланшетт'), (16, 'Идрис Эльба'), (17, 'Джефф Голдблюм'), (18, 'Тесса Томпсон'), (19, 'Карл Урбан'), (20, 'Марк Руффало'), (21, 'Энтони Хопкинс'), (22, 'Бенедикт Камбербэтч');
--добавить в таблицу актеров

INSERT INTO persons VALUES (23, 'Роберт Стромберг'), (24, 'Линда Вулвертон'), (25, 'Шарль Перро'), (26, 'Милт Банта'), (27, 'Джо Рот'), (28, 'Сара Брэдшоу'), (29, 'Дон Хан'), (30, 'Дин Семлер'), (31, 'Джеймс Ньютон Ховард'), (32, 'Дилан Коул'), (33, 'Гари Фриман'), (34, 'Дэвид Оллдей'), (35, 'Крис Лебензон'), (36, 'Ричард Пирсон'), (37, 'Анджелина Джоли'), (38, 'Эль Фаннинг'), (39, 'Шарлто Копли'), (40, 'Сэм Райли'), (41, 'Изобель Моллой'), (42, 'Лесли Мэнвилл'), (43, 'Имелда Стонтон'), (44, 'Джуно Темпл'), (45, 'Брентон Туэйтс'), (46, 'Кеннет Крэнэм');
--добавить в таблицу актеров

INSERT INTO persons VALUES (47, 'Чак Рассел'), (48, 'Майк Уэрб'), (49, 'Майкл Фэллон'), (50, 'Марк Верхайден'), (51, 'Анн Бюргюн'), (52, 'Майкл Де Лука'), (53, 'Роберт Энгелман'), (54, 'Джон Р. Леонетти'), (55, 'Рэнди Эдельман'), (56, 'Крэйг Стернс'), (57, 'Рэнди Мур'), (58, 'Ха Нгуен'), (59, 'Джим Керри'), (60, 'Кэмерон Диаз'), (61, 'Питер Ригерт'), (62, 'Питер Грин'), (63, 'Эми Ясбек'), (64, 'Ричард Джени'), (65, 'Орестес Матасена'), (66, 'Тим Бэгли'), (67, 'Нэнси Фиш'), (68, 'Джонни Уильямс');
--добавить в таблицу актеров

INSERT INTO persons VALUES (69, 'Андрес Мускетти'), (70, 'Чейз Палмер'), (71, 'Кэри Фукунага'), (72, 'Гари Доберман'), (73, 'Ричард Бренер'), (74, 'Даг Дэвисон'), (75, 'Тоби Эммерих'), (76, 'Чон Джон-хун'), (77, 'Бенджамин Уоллфиш'), (78, 'Клод Паре'), (79, 'Брандт Гордон'), (80, 'Питер Гранди'), (81, 'Джейсон Бэллэнтайн'), (82, 'Джейден Мартелл'), (83, 'Джереми Рэй Тейлор'), (84, 'София Лиллис'), (85, 'Финн Вулфард'), (86, 'Чоузен Джейкобс'), (87, 'Джек Дилан Грейзер'), (88, 'Уайатт Олефф'), (89, 'Билл Скарсгард'), (90, 'Николас Хэмилтон'), (91, 'Джейк Сим');
--добавить в таблицу актеров

INSERT INTO persons VALUES (92, 'Крис Коламбус'), (93, 'Стивен Кловз'), (94, 'Дж.К. Роулинг'), (95, 'Дэвид Хейман'), (96, 'Тодд Арноу'), (97, 'Майкл Барнатан'), (98, 'Джон Сил'), (99, 'Джон Уильямс'), (100, 'Стюарт Крэйг'), (101, 'Эндрю Эклэнд-Сноу'), (102, 'Питер Френсис'), (103, 'Ричард Фрэнсис-Брюс'), (104, 'Дэниэл Рэдклифф'), (105, 'Руперт Гринт'), (106, 'Эмма Уотсон'), (107, 'Ричард Харрис'), (108, 'Алан Рикман'), (109, 'Мэгги Смит'), (110, 'Робби Колтрейн'), (111, 'Том Фелтон'), (112, 'Мэттью Льюис'), (113, 'Иэн Харт');
-- добавить в таблицу актеров

SELECT * FROM persons;
--проверить что добавилось

INSERT INTO persons2content VALUES  (1, 822709, 'Режиссер'), (2, 822709, 'Сценарист'), (3, 822709, 'Сценарист'), (4, 822709, 'Сценарист'), (5, 822709, 'Продюсер'), (6, 822709, 'Продюсер'), (7, 822709, 'Продюсер'), (8, 822709, 'Оператор'), (9, 822709, 'Композитор'), (10, 822709, 'Художник'), (11, 822709, 'Монтажер'), (12, 822709, 'Монтажер'), (13, 822709, 'Актер'), (14, 822709, 'Актер'), (15, 822709, 'Актер'), (16, 822709, 'Актер'), (17, 822709, 'Актер'), (18, 822709, 'Актер'), (19, 822709, 'Актер'), (20, 822709, 'Актер'), (21, 822709, 'Актер'), (22, 822709, 'Актер'), (23, 496849, 'Режиссер'), (24, 496849, 'Сценарист'), (25, 496849, 'Сценарист'), (26, 496849, 'Сценарист'), (27, 496849, 'Продюсер'), (28, 496849, 'Продюсер'), (29, 496849, 'Продюсер'), (30, 496849, 'Оператор'), (31, 496849, 'Композитор'), (32, 496849, 'Художник'), (33, 496849, 'Художник'), (34, 496849, 'Художник'), (35, 496849, 'Монтажер'), (36, 496849, 'Монтажер'), (37, 496849, 'Актер'), (38, 496849, 'Актер'), (39, 496849, 'Актер'), (40, 496849, 'Актер'), (41, 496849, 'Актер'), (42, 496849, 'Актер'), (43, 496849, 'Актер'), (44, 496849, 'Актер'), (45, 496849, 'Актер'), (46, 496849, 'Актер'), (47, 6039, 'Режиссер'), (48, 6039, 'Сценарист'), (49, 6039, 'Сценарист'), (50, 6039, 'Сценарист'), (51, 6039, 'Продюсер'), (52, 6039, 'Продюсер'), (53, 6039, 'Продюсер'), (54, 6039, 'Оператор'), (55, 6039, 'Композитор'), (56, 6039, 'Художник'), (57, 6039, 'Художник'), (58, 6039, 'Художник'), (59, 6039, 'Актер'), (60, 6039, 'Актер'), (61, 6039, 'Актер'), (62, 6039, 'Актер'), (63, 6039, 'Актер'), (64, 6039, 'Актер'), (65, 6039, 'Актер'), (66, 6039, 'Актер'), (67, 6039, 'Актер'), (68, 6039, 'Актер'), (69, 453397, 'Режиссер'), (70, 453397, 'Сценарист'), (71, 453397, 'Сценарист'), (72, 453397, 'Сценарист'), (73, 453397, 'Продюсер'), (74, 453397, 'Продюсер'), (75, 453397, 'Продюсер'), (76, 453397, 'Оператор'), (77, 453397, 'Композитор'), (78, 453397, 'Художник'), (79, 453397, 'Художник'), (80, 453397, 'Художник'), (81, 453397, 'Монтажер'), (82, 453397, 'Актер'), (83, 453397, 'Актер'), (84, 453397, 'Актер'), (85, 453397, 'Актер'), (86, 453397, 'Актер'), (87, 453397, 'Актер'), (88, 453397, 'Актер'), (89, 453397, 'Актер'), (90, 453397, 'Актер'), (91, 453397, 'Актер'), (92, 689, 'Режиссер'), (93, 689, 'Сценарист'), (94, 689, 'Сценарист'), (95, 689, 'Продюсер'), (96, 689, 'Продюсер'), (97, 689, 'Продюсер'), (98, 689, 'Оператор'), (99, 689, 'Композитор'), (100, 689, 'Художник'), (101, 689, 'Художник'), (102, 689, 'Художник'), (103, 689, 'Монтажер'), (104, 689, 'Актер'), (105, 689, 'Актер'), (106, 689, 'Актер'), (107, 689, 'Актер'), (108, 689, 'Актер'), (109, 689, 'Актер'), (110, 689, 'Актер'), (111, 689, 'Актер'), (112, 689, 'Актер'), (113, 689, 'Актер');
-- добавить в таблу актеры и контент

SELECT * FROM persons2content;
-- проверить что работает 

